<?xml version="1.0"?>
<faces-config xmlns="http://java.sun.com/xml/ns/javaee" 
   xmlns:xsi="http://www.w3.org/2001/XMLSchema-instance"
   xsi:schemaLocation="http://java.sun.com/xml/ns/javaee 
      http://java.sun.com/xml/ns/javaee/web-facesconfig_2_0.xsd"
   version="2.0">
  <application>
    <variable-resolver>
      org.springframework.web.jsf.DelegatingVariableResolver
    </variable-resolver>
  </application>
  
  <!--  I declare all of the beans in applicationContext.xml.
        However, some people like to declare the top-level
        backing bean in faces-config.xml, since doing so
        is more familiar to JSF developers. So, I have this option
        commented out below.  
  <managed-bean>
    <managed-bean-name>formBean</managed-bean-name>
    <managed-bean-class>
      coreservlets.CustomerBackingBean
    </managed-bean-class>
    <managed-bean-scope>request</managed-bean-scope>
    <managed-property>
      <property-name>lookupService</property-name>
      <value>#{sampleLookupService}</value>
    </managed-property>
    <managed-property>
      <property-name>colorPreferences</property-name>
      <value>#{colorPreferences}</value>
    </managed-property>
  </managed-bean>
  -->
</faces-config>
