<?xml version="1.0" encoding="UTF-8"?>
<beans xmlns="http://www.springframework.org/schema/beans"
xmlns:xsi="http://www.w3.org/2001/XMLSchema-instance"
xsi:schemaLocation="http://www.springframework.org/schema/beans
http://www.springframework.org/schema/beans/spring-beans-2.5.xsd">
 
<!-- Hibernate session factory -->
<bean id="sessionFactory" 
     class="org.springframework.orm.hibernate3.LocalSessionFactoryBean">
 
    <property name="dataSource">
      <ref bean="dataSource"/>
    </property>
 
    <property name="hibernateProperties">
       <props>
         <prop key="hibernate.dialect">org.hibernate.dialect.MySQLDialect</prop>
         <prop key="hibernate.show_sql">true</prop>
       </props>
    </property>
 
    <property name="mappingResources">
	<list>
          <value>com/mkyong/customer/hibernate/Customer.hbm.xml</value>
	</list>
     </property>	
 
</bean>
</beans>